insert into address (id,street,street_number,city,country) values (11,'Morska',32,'Gdynia','Poland')
insert into address (id,street,street_number,city,country) values (22,'Dabka',2,'Lodz','Poland')
insert into address (id,street,street_number,city,country) values (33,'Biala',31,'Krakow','Poland')
insert into address (id,street,street_number,city,country) values (44,'Swietojanska',52,'Gdynia','Poland')
insert into pin_number (id,pin) values (111, 1234)
insert into pin_number (id,pin) values (222, 9483)
insert into pin_number (id,pin) values (333, 9808)
insert into pin_number (id,pin) values (444, 6328)
insert into account (card_number,balance,pin_number) values (12345678900098, 999,1234)
insert into account (card_number,balance,pin_number) values (90897654321123, 100000,9483)
insert into account (card_number,balance,pin_number) values (34203743920138, 3,9808)
insert into account (card_number,balance,pin_number) values (47362984038942, 18000,6328)
insert into customer (id,name,surname,age,gender,phone_number,email,account_card_number,address_id,pin_number_id) values (11,'Grzegorz','Sierpinski',28,'MALE',643213456,'sip@gmail.com',12345678900098,11,111)
insert into customer (id,name,surname,age,gender,phone_number,email,account_card_number,address_id,pin_number_id) values (22,'Marek','Wojtusik',42,'FEMALE',547832908,'mark@gmail.com',90897654321123,22,222)
insert into customer (id,name,surname,age,gender,phone_number,email,account_card_number,address_id,pin_number_id) values (33,'Wojtek','Patrysiak',42,'MALE',876357290,'wojt@gmail.com',34203743920138,33,333)
insert into customer (id,name,surname,age,gender,phone_number,email,account_card_number,address_id,pin_number_id) values (44,'Kuba','Adamiak',42,'MALE',098763892,'jakub@gmail.com',47362984038942,44,444)

